"","Cultura","Algodao","Amendoim","Feijão","Gergelim","Jerimum","Melancia","Milho","MilhoVerde","SorgoForragem"
"1","Algodao",1,0.692511559698973,0.397097159247582,0.596286686540861,0.261692509489101,0.0982125731438008,0.4282158081935,-1,0.452883423011366
